id,name,smiles,vina_score,sdf_path
5,AZD3759,CCOC(=O)Nc1ccc(c2nc3ccc(C#N)cn3n2)cc1,-9.01,test_output/ligands/ligand_005_AZD3759.sdf
3,Osimertinib,COc1ccc2c(c1)ncs2,-5.7,test_output/ligands/ligand_003_Osimertinib.sdf
36,ZM28,Cc1ccc(C(=O)NCCC)nc1,-5.67,test_output/ligands/ligand_036_ZM28.sdf
37,ZM29,CC(=O)Nc1ccc(NCC)nc1,-5.66,test_output/ligands/ligand_037_ZM29.sdf
45,ZM37,COc1ccc(C(=O)NCC)nc1,-5.66,test_output/ligands/ligand_045_ZM37.sdf
27,ZM19,CC1CCC(C1)C(=O)NCCCN,-5.65,test_output/ligands/ligand_027_ZM19.sdf
44,ZM36,CC(C)N(C)C(=O)Cc1ccccc1,-5.63,test_output/ligands/ligand_044_ZM36.sdf
24,ZM16,CC(=O)Nc1ccc(NCCO)cc1,-5.62,test_output/ligands/ligand_024_ZM16.sdf
33,ZM25,CC(C)N(CC)C(=O)c1cccnc1,-5.62,test_output/ligands/ligand_033_ZM25.sdf
35,ZM27,COc1ccc(C(=O)NCCN)cc1,-5.62,test_output/ligands/ligand_035_ZM27.sdf
31,ZM23,CC1CCCN1C(=O)Cc2ccccc2,-5.59,test_output/ligands/ligand_031_ZM23.sdf
47,ZM39,CC1CCC(C1)C(=O)Nc1ccncc1,-5.59,test_output/ligands/ligand_047_ZM39.sdf
25,ZM17,Cc1cc(C)cc(C(=O)NCCCN)n1,-5.58,test_output/ligands/ligand_025_ZM17.sdf
28,ZM20,COc1ccc(C(=O)NCCCN)cc1,-5.58,test_output/ligands/ligand_028_ZM20.sdf
51,ZM43,CC1CCN(C1)C(=O)Nc1ccncn1,-5.58,test_output/ligands/ligand_051_ZM43.sdf
58,ZM50,CC(C)C(=O)Nc1ccnc(NCC)n1,-5.58,test_output/ligands/ligand_058_ZM50.sdf
40,ZM32,COc1cccc(C(=O)NCCCN)n1,-5.57,test_output/ligands/ligand_040_ZM32.sdf
49,ZM41,CC(=O)Nc1ccnc(NCCCO)n1,-5.57,test_output/ligands/ligand_049_ZM41.sdf
17,ZM9,c1ccc(C(=O)Nc2ccncc2N)cc1,-5.56,test_output/ligands/ligand_017_ZM9.sdf
13,ZM5,CC1CCC(C1)C(=O)Nc1ccnc(N)n1,-5.54,test_output/ligands/ligand_013_ZM5.sdf
18,ZM10,CC1CCCN1C(=O)Cc2ccnc(N)n2,-5.54,test_output/ligands/ligand_018_ZM10.sdf
23,ZM15,CC1CCN(C1)C(=O)Nc1ccnc(N)n1,-5.54,test_output/ligands/ligand_023_ZM15.sdf
39,ZM31,CC1CCCC1C(=O)Nc1ccnc(N)n1,-5.54,test_output/ligands/ligand_039_ZM31.sdf
11,ZM3,Cc1ccc(C(=O)Nc2ccncc2N)cc1,-5.52,test_output/ligands/ligand_011_ZM3.sdf
26,ZM18,c1ccc(NCC(=O)Nc2ccncc2)cc1,-5.52,test_output/ligands/ligand_026_ZM18.sdf
34,ZM26,CC(C)CC(=O)Nc1ccc2ccccc2n1,-5.52,test_output/ligands/ligand_034_ZM26.sdf
38,ZM30,c1ccc(NCC(=O)Nc2cccnc2)cc1,-5.52,test_output/ligands/ligand_038_ZM30.sdf
48,ZM40,c1cc(NCC(=O)Nc2ccncc2)ccn1,-5.52,test_output/ligands/ligand_048_ZM40.sdf
41,ZM33,CC(C)C1CCC(C1)C(=O)Nc1ccncn1,-5.5,test_output/ligands/ligand_041_ZM33.sdf
15,ZM7,CC(C)CC(=O)Nc1ccnc(NCCO)n1,-5.49,test_output/ligands/ligand_015_ZM7.sdf
4,Afatinib,CN1C=C(C2=CC=C(Cl)C=C2)C3=CC=CC=C13,-5.47,test_output/ligands/ligand_004_Afatinib.sdf
12,ZM4,COc1ccc(C(=O)Nc2ccncc2N)cc1,-5.47,test_output/ligands/ligand_012_ZM4.sdf
10,ZM2,CC(C)C1CCC(C1)C(=O)Nc2ccnc(N)n2,-5.46,test_output/ligands/ligand_010_ZM2.sdf
30,ZM22,Cc1ccc(C(=O)NCCN2CCOCC2)cc1,-5.46,test_output/ligands/ligand_030_ZM22.sdf
2,Gefitinib,CC(C)Nc1ccc(-c2nccc3[nH]ccc23)nc1,-5.44,test_output/ligands/ligand_002_Gefitinib.sdf
16,ZM8,Cc1cc(C)nc(NCC(=O)Nc2ccncc2)n1,-5.43,test_output/ligands/ligand_016_ZM8.sdf
53,ZM45,CC(C)Nc1ccc(C(=O)Nc2ccncc2)nc1,-5.43,test_output/ligands/ligand_053_ZM45.sdf
57,ZM49,Cc1ccc(C(=O)NCCCN2CCCCC2)cc1,-5.42,test_output/ligands/ligand_057_ZM49.sdf
1,Erlotinib,Cc1ccc(Nc2nccc(-c3cccnc3)n2)cc1,-5.41,test_output/ligands/ligand_001_Erlotinib.sdf
21,ZM13,COc1ccc(C(=O)NCCCN2CCCC2)cc1,-5.41,test_output/ligands/ligand_021_ZM13.sdf
50,ZM42,COc1ccc(C(=O)NCCN2CCCCC2)cc1,-5.41,test_output/ligands/ligand_050_ZM42.sdf
19,ZM11,Cc1ccc(Nc2nccc(C3CCCCC3)n2)cc1,-5.4,test_output/ligands/ligand_019_ZM11.sdf
32,ZM24,c1ccc(C2CCCN2C(=O)Cc2ccccc2)cc1,-5.4,test_output/ligands/ligand_032_ZM24.sdf
8,Erlo Analog 1,CC(=O)Oc1ccccc1C(=O)Nc1ccncc1N,-5.39,test_output/ligands/ligand_008_Erlo_Analog_1.sdf
22,ZM14,Cc1ccc(Nc2nccc(C3CCNCC3)n2)cc1,-5.39,test_output/ligands/ligand_022_ZM14.sdf
9,ZM1,Cc1cc(ccc1)C(=O)Nc2ccnc(NCCO)n2,-5.38,test_output/ligands/ligand_009_ZM1.sdf
14,ZM6,c1ccncc1C(=O)Nc2ccnc(NCCCN)n2,-5.38,test_output/ligands/ligand_014_ZM6.sdf
43,ZM35,c1ccc(N2CCCCC2C(=O)Nc2ccncc2)cc1,-5.36,test_output/ligands/ligand_043_ZM35.sdf
56,ZM48,COc1ccc(C(=O)NCCCN2CCOCC2)cc1,-5.36,test_output/ligands/ligand_056_ZM48.sdf
29,ZM21,CC(C)Cc1ccc(NCC(=O)Nc2ccncc2)cc1,-5.35,test_output/ligands/ligand_029_ZM21.sdf
20,ZM12,CC(C)Nc1ccc(-c2ncnc3c2cccc3Cl)nc1,-5.3,test_output/ligands/ligand_020_ZM12.sdf
6,Lapatinib,Cc1cc(C(=O)NCCC2CCCN2C)nc(-c2ccnc(N)c2)n1,-5.18,test_output/ligands/ligand_006_Lapatinib.sdf
7,Dasatinib,CC(C)N(C)C(=O)c1c(-c2ccccc2F)ncn1C1CC1c2ccccn2,-5.06,test_output/ligands/ligand_007_Dasatinib.sdf
